ID_Musica,Titulo,Artista,Ano_Publicacao
4bdd2b79-bde8-4a70-90e0-1030bef0dc71,sem a planta,cone crew,
de269d87-0dca-4144-90d2-583a62b6bdfd,chama os mulekes,cone crew,
4bd97925-ea0b-4100-a2f0-2a014b9b57af,vai se fuder,filho da pulta,
d9873c81-ba53-4d69-a537-f036c1326170,dsadsa,dasdas,03/43/3213
f097015a-dbfd-4ace-826e-dd1420d5670f,dasd,adasdas,1222
564b7b50-5d54-4949-9b02-601a93fed879,dasda,dasd,1222
21ce694b-c692-4273-acd7-415e6bde2841,dasdas,das,1222
d464379e-bece-4bff-b96b-2e211b329ca8,dsadasd,dasd,1222
5aa2fb6d-b7f8-409c-b285-9a0a5a58e59a,dasdsa,dasd,2222
c339088a-5353-40cf-8e96-a79d76e75a07,dasdsa,dasd,2222
ca00a553-7a53-442c-ae7e-7daf8ccc50ff,dasd,dasda,2222
cafcb8ba-a870-403c-96d5-54ae3b231100,dasd,dasda,2222
